time,seq,rtt,delay,jitter,loss
1776173274.315011,0,,,,1
1776173274.815924,1,,,,1
1776173274.815924,2,,,,1
1776173274.815924,3,,,,1
1776173274.815924,4,,,,1
1776173274.815924,5,,,,1
1776173274.815924,6,,,,1
1776173274.815924,7,,,,1
1776173274.815924,8,,,,1
1776173274.815924,9,,,,1
1776173274.815924,10,,,,1
1776173274.815924,11,,,,1
1776173274.815924,12,,,,1
1776173274.815924,13,,,,1
1776173274.815924,14,,,,1
1776173274.815924,15,,,,1
1776173274.815924,16,,,,1
1776173274.815924,17,,,,1
1776173274.815924,18,,,,1
1776173274.815924,19,,,,1
1776173274.815924,20,,,,1
1776173274.815924,21,,,,1
1776173275.321134,22,,,,1
1776173275.321134,23,,,,1
1776173275.321134,24,,,,1
1776173275.321134,25,,,,1
1776173275.321134,26,,,,1
1776173275.321134,27,,,,1
1776173275.321134,28,,,,1
1776173275.321134,29,,,,1
1776173275.321134,30,,,,1
1776173275.321134,31,,,,1
1776173275.321134,32,,,,1
1776173275.321134,33,,,,1
1776173275.321134,34,,,,1
1776173275.321134,35,,,,1
1776173275.321134,36,,,,1
1776173275.321134,37,,,,1
1776173275.321134,38,,,,1
1776173275.321134,39,,,,1
1776173275.321134,40,,,,1
1776173275.321134,41,,,,1
1776173275.829688,42,,,,1
1776173275.829688,43,,,,1
1776173275.829688,44,,,,1
1776173275.829688,45,,,,1
1776173275.829688,46,,,,1
1776173275.829688,47,,,,1
1776173275.829688,48,,,,1
1776173275.829688,49,,,,1
1776173275.829688,50,,,,1
1776173275.829688,51,,,,1
1776173275.829688,52,,,,1
1776173275.829688,53,,,,1
1776173275.829688,54,,,,1
1776173275.829688,55,,,,1
1776173275.829688,56,,,,1
1776173275.829688,57,,,,1
1776173275.829688,58,,,,1
1776173275.829688,59,,,,1
1776173275.829688,60,,,,1
1776173275.829688,61,,,,1
1776173276.333626,62,,,,1
1776173276.333626,63,,,,1
1776173276.333626,64,,,,1
1776173276.333626,65,,,,1
1776173276.333626,66,,,,1
1776173276.333626,67,,,,1
1776173276.333626,68,,,,1
1776173276.333626,69,,,,1
1776173276.333626,70,,,,1
1776173276.333626,71,,,,1
1776173276.333626,72,,,,1
1776173276.333626,73,,,,1
1776173276.333626,74,,,,1
1776173276.333626,75,,,,1
1776173276.333626,76,,,,1
1776173276.333626,77,,,,1
1776173276.333626,78,,,,1
1776173276.333626,79,,,,1
1776173276.333626,80,,,,1
1776173276.333626,81,,,,1
1776173276.843079,82,,,,1
1776173276.843079,83,,,,1
1776173276.843079,84,,,,1
1776173276.843079,85,,,,1
1776173276.843079,86,,,,1
1776173276.843079,87,,,,1
1776173276.843079,88,,,,1
1776173276.843079,89,,,,1
1776173276.843079,90,,,,1
1776173276.843079,91,,,,1
1776173276.843079,92,,,,1
1776173276.843079,93,,,,1
1776173276.843079,94,,,,1
1776173276.843079,95,,,,1
1776173276.843079,96,,,,1
1776173276.843079,97,,,,1
1776173276.843079,98,,,,1
1776173276.843079,99,,,,1
1776173276.843079,100,,,,1
1776173276.843079,101,,,,1
1776173276.843079,102,,,,1
1776173277.348136,103,,,,1
1776173277.348136,104,,,,1
1776173277.348136,105,,,,1
1776173277.348136,106,,,,1
1776173277.348136,107,,,,1
1776173277.348136,108,,,,1
1776173277.348136,109,,,,1
1776173277.348136,110,,,,1
1776173277.348136,111,,,,1
1776173277.348136,112,,,,1
1776173277.348136,113,,,,1
1776173277.348136,114,,,,1
1776173277.348136,115,,,,1
1776173277.348136,116,,,,1
1776173277.348136,117,,,,1
1776173277.348136,118,,,,1
1776173277.348136,119,,,,1
1776173277.348136,120,,,,1
1776173277.348136,121,,,,1
1776173277.348136,122,,,,1
1776173277.855106,123,,,,1
1776173277.855106,124,,,,1
1776173277.855106,125,,,,1
1776173277.855106,126,,,,1
1776173277.855106,127,,,,1
1776173277.855106,128,,,,1
1776173277.855106,129,,,,1
1776173277.855106,130,,,,1
1776173277.855106,131,,,,1
1776173277.855106,132,,,,1
1776173277.855106,133,,,,1
1776173277.855106,134,,,,1
1776173277.855106,135,,,,1
1776173277.855106,136,,,,1
1776173277.855106,137,,,,1
1776173277.855106,138,,,,1
1776173277.855106,139,,,,1
1776173277.855106,140,,,,1
1776173277.855106,141,,,,1
1776173277.855106,142,,,,1
1776173278.368265,143,,,,1
1776173278.368265,144,,,,1
1776173278.368265,145,,,,1
1776173278.368265,146,,,,1
1776173278.368265,147,,,,1
1776173278.368265,148,,,,1
1776173278.368265,149,,,,1
1776173278.368265,150,,,,1
1776173278.368265,151,,,,1
1776173278.368265,152,,,,1
1776173278.368265,153,,,,1
1776173278.368265,154,,,,1
1776173278.368265,155,,,,1
1776173278.368265,156,,,,1
1776173278.368265,157,,,,1
1776173278.368265,158,,,,1
1776173278.368265,159,,,,1
1776173278.368265,160,,,,1
1776173278.368265,161,,,,1
1776173278.368265,162,,,,1
1776173278.545482,206,59.201,0.000,0.000,0
1776173278.594507,207,80.942,49.024,49.024,0
1776173278.872837,163,,,,1
1776173278.872837,164,,,,1
1776173278.872837,165,,,,1
1776173278.872837,166,,,,1
1776173278.872837,167,,,,1
1776173278.872837,168,,,,1
1776173278.872837,169,,,,1
1776173278.872837,170,,,,1
1776173278.872837,171,,,,1
1776173278.872837,172,,,,1
1776173278.872837,173,,,,1
1776173278.872837,174,,,,1
1776173278.872837,175,,,,1
1776173278.872837,176,,,,1
1776173278.872837,177,,,,1
1776173278.872837,178,,,,1
1776173278.872837,179,,,,1
1776173278.872837,180,,,,1
1776173278.872837,181,,,,1
1776173278.872837,182,,,,1
1776173278.887986,208,342.503,293.479,244.455,0
1776173279.122257,209,554.777,234.271,59.208,0
1776173279.247475,210,652.968,125.218,109.053,0
1776173279.380501,183,,,,1
1776173279.380501,184,,,,1
1776173279.380501,185,,,,1
1776173279.380501,186,,,,1
1776173279.380501,187,,,,1
1776173279.380501,188,,,,1
1776173279.380501,189,,,,1
1776173279.380501,190,,,,1
1776173279.380501,191,,,,1
1776173279.380501,192,,,,1
1776173279.380501,193,,,,1
1776173279.380501,194,,,,1
1776173279.380501,195,,,,1
1776173279.380501,196,,,,1
1776173279.380501,197,,,,1
1776173279.380501,198,,,,1
1776173279.380501,199,,,,1
1776173279.380501,200,,,,1
1776173279.380501,201,,,,1
1776173279.380501,202,,,,1
1776173279.560947,211,945.933,313.472,188.254,0
1776173279.752945,212,1109.056,191.999,121.473,0
1776173279.802706,213,1135.461,49.761,142.238,0
1776173279.843934,214,1142.544,41.228,8.533,0
1776173279.885630,203,,,,1
1776173279.885630,204,,,,1
1776173279.885630,205,,,,1
1776173279.885630,215,,,,1
1776173279.885630,216,,,,1
1776173279.885630,217,,,,1
1776173279.885630,218,,,,1
1776173279.885630,219,,,,1
1776173279.885630,220,,,,1
1776173280.392054,221,,,,1
1776173280.392054,222,,,,1
1776173280.392054,223,,,,1
1776173280.392054,224,,,,1
1776173280.392054,225,,,,1
1776173280.392054,226,,,,1
1776173280.392054,227,,,,1
1776173280.392054,228,,,,1
1776173280.392054,229,,,,1
1776173280.392054,230,,,,1
1776173280.392054,231,,,,1
1776173280.392054,232,,,,1
1776173280.392054,233,,,,1
1776173280.392054,234,,,,1
1776173280.392054,235,,,,1
1776173280.392054,236,,,,1
1776173280.392054,237,,,,1
1776173280.392054,238,,,,1
1776173280.392054,239,,,,1
1776173280.392054,240,,,,1
1776173280.900425,241,,,,1
1776173280.900425,242,,,,1
1776173280.900425,243,,,,1
1776173280.900425,244,,,,1
1776173280.900425,245,,,,1
1776173280.900425,246,,,,1
1776173280.900425,247,,,,1
1776173280.900425,248,,,,1
1776173280.900425,249,,,,1
1776173280.900425,250,,,,1
1776173280.900425,251,,,,1
1776173280.900425,252,,,,1
1776173280.900425,253,,,,1
1776173280.900425,254,,,,1
1776173280.900425,255,,,,1
1776173280.900425,256,,,,1
1776173280.900425,257,,,,1
1776173280.900425,258,,,,1
1776173280.900425,259,,,,1
1776173280.900425,260,,,,1
1776173280.900425,261,,,,1
1776173281.405204,262,,,,1
1776173281.405204,263,,,,1
1776173281.405204,264,,,,1
1776173281.405204,265,,,,1
1776173281.405204,266,,,,1
1776173281.405204,267,,,,1
1776173281.405204,268,,,,1
1776173281.405204,269,,,,1
1776173281.405204,270,,,,1
1776173281.405204,271,,,,1
1776173281.405204,272,,,,1
1776173281.405204,273,,,,1
1776173281.405204,274,,,,1
1776173281.405204,275,,,,1
1776173281.405204,276,,,,1
1776173281.405204,277,,,,1
1776173281.405204,278,,,,1
1776173281.405204,279,,,,1
1776173281.405204,280,,,,1
1776173281.405204,281,,,,1
1776173281.906069,282,,,,1
1776173281.906069,283,,,,1
1776173281.906069,284,,,,1
1776173281.906069,285,,,,1
1776173281.906069,286,,,,1
1776173281.906069,287,,,,1
1776173281.906069,288,,,,1
1776173281.906069,289,,,,1
1776173281.906069,290,,,,1
1776173281.906069,291,,,,1
1776173281.906069,292,,,,1
1776173281.906069,293,,,,1
1776173281.906069,294,,,,1
1776173281.906069,295,,,,1
1776173281.906069,296,,,,1
1776173281.906069,297,,,,1
1776173281.906069,298,,,,1
1776173281.906069,299,,,,1
1776173281.906069,300,,,,1
1776173281.906069,301,,,,1
1776173282.417341,302,,,,1
1776173282.417341,303,,,,1
1776173282.417341,304,,,,1
1776173282.417341,305,,,,1
1776173282.417341,306,,,,1
1776173282.417341,307,,,,1
1776173282.417341,308,,,,1
1776173282.417341,309,,,,1
1776173282.417341,310,,,,1
1776173282.417341,311,,,,1
1776173282.417341,312,,,,1
1776173282.417341,313,,,,1
1776173282.417341,314,,,,1
1776173282.417341,315,,,,1
1776173282.417341,316,,,,1
1776173282.417341,317,,,,1
1776173282.417341,318,,,,1
1776173282.417341,319,,,,1
1776173282.417341,320,,,,1
1776173282.417341,321,,,,1
1776173282.920733,322,,,,1
1776173282.920733,323,,,,1
1776173282.920733,324,,,,1
1776173282.920733,325,,,,1
1776173282.920733,326,,,,1
1776173282.920733,327,,,,1
1776173282.920733,328,,,,1
1776173282.920733,329,,,,1
1776173282.920733,330,,,,1
1776173282.920733,331,,,,1
1776173282.920733,332,,,,1
1776173282.920733,333,,,,1
1776173282.920733,334,,,,1
1776173282.920733,335,,,,1
1776173282.920733,336,,,,1
1776173282.920733,337,,,,1
1776173282.920733,338,,,,1
1776173282.920733,339,,,,1
1776173282.920733,340,,,,1
1776173283.423743,341,,,,1
1776173283.423743,342,,,,1
1776173283.423743,343,,,,1
1776173283.423743,344,,,,1
1776173283.423743,345,,,,1
1776173283.423743,346,,,,1
1776173283.423743,347,,,,1
1776173283.423743,348,,,,1
1776173283.423743,349,,,,1
1776173283.423743,350,,,,1
1776173283.423743,351,,,,1
1776173283.423743,352,,,,1
1776173283.423743,353,,,,1
1776173283.423743,354,,,,1
1776173283.423743,355,,,,1
1776173283.423743,356,,,,1
1776173283.423743,357,,,,1
1776173283.423743,358,,,,1
1776173283.423743,359,,,,1
1776173283.423743,360,,,,1
1776173283.930014,361,,,,1
1776173283.930014,362,,,,1
1776173283.930014,363,,,,1
1776173283.930014,364,,,,1
1776173283.930014,365,,,,1
1776173283.930014,366,,,,1
1776173283.930014,367,,,,1
1776173283.930014,368,,,,1
1776173283.930014,369,,,,1
1776173283.930014,370,,,,1
1776173283.930014,371,,,,1
1776173283.930014,372,,,,1
1776173283.930014,373,,,,1
1776173283.930014,374,,,,1
1776173283.930014,375,,,,1
1776173283.930014,376,,,,1
1776173283.930014,377,,,,1
1776173283.930014,378,,,,1
1776173283.930014,379,,,,1
1776173283.930014,380,,,,1
1776173284.430740,381,,,,1
1776173284.430740,382,,,,1
1776173284.430740,383,,,,1
1776173284.430740,384,,,,1
1776173284.430740,385,,,,1
1776173284.430740,386,,,,1
1776173284.430740,387,,,,1
1776173284.430740,388,,,,1
1776173284.430740,389,,,,1
1776173284.430740,390,,,,1
1776173284.430740,391,,,,1
1776173284.430740,392,,,,1
1776173284.430740,393,,,,1
1776173284.430740,394,,,,1
1776173284.430740,395,,,,1
1776173284.430740,396,,,,1
1776173284.430740,397,,,,1
1776173284.430740,398,,,,1
1776173284.430740,399,,,,1
1776173284.430740,400,,,,1
1776173284.430740,401,,,,1
1776173284.430740,402,,,,1
1776173284.944722,403,,,,1
1776173284.944722,404,,,,1
1776173284.944722,405,,,,1
1776173284.944722,406,,,,1
1776173284.944722,407,,,,1
1776173284.944722,408,,,,1
1776173284.944722,409,,,,1
1776173284.944722,410,,,,1
1776173284.944722,411,,,,1
1776173284.944722,412,,,,1
1776173284.944722,413,,,,1
1776173284.944722,414,,,,1
1776173284.944722,415,,,,1
1776173284.944722,416,,,,1
1776173284.944722,417,,,,1
1776173284.944722,418,,,,1
1776173284.944722,419,,,,1
1776173284.944722,420,,,,1
1776173284.944722,421,,,,1
1776173284.944722,422,,,,1
1776173284.944722,423,,,,1
1776173284.944722,424,,,,1
1776173285.448186,425,,,,1
1776173285.448186,426,,,,1
1776173285.448186,427,,,,1
1776173285.448186,428,,,,1
1776173285.448186,429,,,,1
1776173285.448186,430,,,,1
1776173285.448186,431,,,,1
1776173285.448186,432,,,,1
1776173285.448186,433,,,,1
1776173285.448186,434,,,,1
1776173285.448186,435,,,,1
1776173285.448186,436,,,,1
1776173285.448186,437,,,,1
1776173285.448186,438,,,,1
1776173285.448186,439,,,,1
1776173285.448186,440,,,,1
1776173285.448186,441,,,,1
1776173285.448186,442,,,,1
1776173285.448186,443,,,,1
1776173285.448186,444,,,,1
1776173285.448186,445,,,,1
1776173285.950327,446,,,,1
1776173285.950327,447,,,,1
1776173285.950327,448,,,,1
1776173285.950327,449,,,,1
1776173285.950327,450,,,,1
1776173285.950327,451,,,,1
1776173285.950327,452,,,,1
1776173285.950327,453,,,,1
1776173285.950327,454,,,,1
1776173285.950327,455,,,,1
1776173285.950327,456,,,,1
1776173285.950327,457,,,,1
1776173285.950327,458,,,,1
1776173285.950327,459,,,,1
1776173285.950327,460,,,,1
1776173285.950327,461,,,,1
1776173285.950327,462,,,,1
1776173285.950327,463,,,,1
1776173285.950327,464,,,,1
1776173285.950327,465,,,,1
1776173285.950327,466,,,,1
1776173286.455231,467,,,,1
1776173286.455231,468,,,,1
1776173286.455231,469,,,,1
1776173286.455231,470,,,,1
1776173286.455231,471,,,,1
1776173286.455231,472,,,,1
1776173286.455231,473,,,,1
1776173286.455231,474,,,,1
1776173286.455231,475,,,,1
1776173286.455231,476,,,,1
1776173286.455231,477,,,,1
1776173286.455231,478,,,,1
1776173286.455231,479,,,,1
1776173286.455231,480,,,,1
1776173286.455231,481,,,,1
1776173286.455231,482,,,,1
1776173286.455231,483,,,,1
1776173286.455231,484,,,,1
1776173286.455231,485,,,,1
1776173286.455231,486,,,,1
1776173286.455231,487,,,,1
1776173286.961556,488,,,,1
1776173286.961556,489,,,,1
1776173286.961556,490,,,,1
1776173286.961556,491,,,,1
1776173286.961556,492,,,,1
1776173286.961556,493,,,,1
1776173286.961556,494,,,,1
1776173286.961556,495,,,,1
1776173286.961556,496,,,,1
1776173286.961556,497,,,,1
1776173286.961556,498,,,,1
1776173286.961556,499,,,,1
1776173286.961556,500,,,,1
1776173286.961556,501,,,,1
1776173286.961556,502,,,,1
1776173286.961556,503,,,,1
1776173286.961556,504,,,,1
1776173286.961556,505,,,,1
1776173286.961556,506,,,,1
1776173286.961556,507,,,,1
1776173287.468068,508,,,,1
1776173287.468068,509,,,,1
1776173287.468068,510,,,,1
1776173287.468068,511,,,,1
1776173287.468068,512,,,,1
1776173287.468068,513,,,,1
1776173287.468068,514,,,,1
1776173287.468068,515,,,,1
1776173287.468068,516,,,,1
1776173287.468068,517,,,,1
1776173287.468068,518,,,,1
1776173287.468068,519,,,,1
1776173287.468068,520,,,,1
1776173287.468068,521,,,,1
1776173287.468068,522,,,,1
1776173287.468068,523,,,,1
1776173287.468068,524,,,,1
1776173287.468068,525,,,,1
1776173287.972592,526,,,,1
1776173287.972592,527,,,,1
1776173287.972592,528,,,,1
1776173287.972592,529,,,,1
1776173287.972592,530,,,,1
1776173287.972592,531,,,,1
1776173287.972592,532,,,,1
1776173287.972592,533,,,,1
1776173287.972592,534,,,,1
1776173287.972592,535,,,,1
1776173287.972592,536,,,,1
1776173287.972592,537,,,,1
1776173287.972592,538,,,,1
1776173287.972592,539,,,,1
1776173287.972592,540,,,,1
1776173287.972592,541,,,,1
1776173287.972592,542,,,,1
1776173287.972592,543,,,,1
1776173287.972592,544,,,,1
1776173287.972592,545,,,,1
1776173288.474066,546,,,,1
1776173288.474066,547,,,,1
1776173288.474066,548,,,,1
1776173288.474066,549,,,,1
1776173288.474066,550,,,,1
1776173288.474066,551,,,,1
1776173288.474066,552,,,,1
1776173288.474066,553,,,,1
1776173288.474066,554,,,,1
1776173288.474066,555,,,,1
1776173288.474066,556,,,,1
1776173288.474066,557,,,,1
1776173288.474066,558,,,,1
1776173288.474066,559,,,,1
1776173288.474066,560,,,,1
1776173288.474066,561,,,,1
1776173288.474066,562,,,,1
1776173288.474066,563,,,,1
1776173288.474066,564,,,,1
1776173288.984563,565,,,,1
1776173288.984563,566,,,,1
1776173288.984563,567,,,,1
1776173288.984563,568,,,,1
1776173288.984563,569,,,,1
1776173288.984563,570,,,,1
1776173288.984563,571,,,,1
1776173288.984563,572,,,,1
1776173288.984563,573,,,,1
1776173288.984563,574,,,,1
1776173288.984563,575,,,,1
1776173288.984563,576,,,,1
1776173288.984563,577,,,,1
1776173288.984563,578,,,,1
1776173288.984563,579,,,,1
1776173288.984563,580,,,,1
1776173288.984563,581,,,,1
1776173288.984563,582,,,,1
1776173288.984563,583,,,,1
1776173289.493714,584,,,,1
1776173289.493714,585,,,,1
1776173289.493714,586,,,,1
1776173289.493714,587,,,,1
1776173289.493714,588,,,,1
1776173289.493714,589,,,,1
1776173289.493714,590,,,,1
1776173289.493714,591,,,,1
1776173289.493714,592,,,,1
1776173289.493714,593,,,,1
1776173289.493714,594,,,,1
1776173289.493714,595,,,,1
1776173289.493714,596,,,,1
1776173289.493714,597,,,,1
1776173289.493714,598,,,,1
1776173289.493714,599,,,,1
1776173289.493714,600,,,,1
1776173289.493714,601,,,,1
1776173289.493714,602,,,,1
1776173289.493714,603,,,,1
1776173289.999345,604,,,,1
1776173289.999345,605,,,,1
1776173289.999345,606,,,,1
1776173289.999345,607,,,,1
1776173289.999345,608,,,,1
1776173289.999345,609,,,,1
1776173289.999345,610,,,,1
1776173289.999345,611,,,,1
1776173289.999345,612,,,,1
1776173289.999345,613,,,,1
1776173289.999345,614,,,,1
1776173289.999345,615,,,,1
1776173289.999345,616,,,,1
1776173289.999345,617,,,,1
1776173289.999345,618,,,,1
1776173289.999345,619,,,,1
1776173289.999345,620,,,,1
1776173289.999345,621,,,,1
1776173290.513422,622,,,,1
1776173290.513422,623,,,,1
1776173290.513422,624,,,,1
1776173290.513422,625,,,,1
1776173290.513422,626,,,,1
1776173290.513422,627,,,,1
1776173290.513422,628,,,,1
1776173290.513422,629,,,,1
1776173290.513422,630,,,,1
1776173290.513422,631,,,,1
1776173290.513422,632,,,,1
1776173290.513422,633,,,,1
1776173290.513422,634,,,,1
1776173290.513422,635,,,,1
1776173290.513422,636,,,,1
1776173290.513422,637,,,,1
1776173290.513422,638,,,,1
1776173290.513422,639,,,,1
1776173290.513422,640,,,,1
1776173290.513422,641,,,,1
1776173291.023571,642,,,,1
1776173291.023571,643,,,,1
1776173291.023571,644,,,,1
1776173291.023571,645,,,,1
1776173291.023571,646,,,,1
1776173291.023571,647,,,,1
1776173291.023571,648,,,,1
1776173291.023571,649,,,,1
1776173291.023571,650,,,,1
1776173291.023571,651,,,,1
1776173291.023571,652,,,,1
1776173291.023571,653,,,,1
1776173291.023571,654,,,,1
1776173291.023571,655,,,,1
1776173291.023571,656,,,,1
1776173291.023571,657,,,,1
1776173291.023571,658,,,,1
1776173291.023571,659,,,,1
1776173291.023571,660,,,,1
1776173291.023571,661,,,,1
1776173291.023571,662,,,,1
1776173291.526677,663,,,,1
1776173291.526677,664,,,,1
1776173291.526677,665,,,,1
1776173291.526677,666,,,,1
1776173291.526677,667,,,,1
1776173291.526677,668,,,,1
1776173291.526677,669,,,,1
1776173291.526677,670,,,,1
1776173291.526677,671,,,,1
1776173291.526677,672,,,,1
1776173291.526677,673,,,,1
1776173291.526677,674,,,,1
1776173291.526677,675,,,,1
1776173291.526677,676,,,,1
1776173291.526677,677,,,,1
1776173291.526677,678,,,,1
1776173291.526677,679,,,,1
1776173291.526677,680,,,,1
1776173291.526677,681,,,,1
1776173292.034280,682,,,,1
1776173292.034280,683,,,,1
1776173292.034280,684,,,,1
1776173292.034280,685,,,,1
1776173292.034280,686,,,,1
1776173292.034280,687,,,,1
1776173292.034280,688,,,,1
1776173292.034280,689,,,,1
1776173292.034280,690,,,,1
1776173292.034280,691,,,,1
1776173292.034280,692,,,,1
1776173292.034280,693,,,,1
1776173292.034280,694,,,,1
1776173292.034280,695,,,,1
1776173292.034280,696,,,,1
1776173292.034280,697,,,,1
1776173292.034280,698,,,,1
1776173292.034280,699,,,,1
1776173292.034280,700,,,,1
1776173292.034280,701,,,,1
1776173292.539618,702,,,,1
1776173292.539618,703,,,,1
1776173292.539618,704,,,,1
1776173292.539618,705,,,,1
1776173292.539618,706,,,,1
1776173292.539618,707,,,,1
1776173292.539618,708,,,,1
1776173292.539618,709,,,,1
1776173292.539618,710,,,,1
1776173292.539618,711,,,,1
1776173292.539618,712,,,,1
1776173292.539618,713,,,,1
1776173292.539618,714,,,,1
1776173292.539618,715,,,,1
1776173292.539618,716,,,,1
1776173292.539618,717,,,,1
1776173292.539618,718,,,,1
1776173292.539618,719,,,,1
1776173292.539618,720,,,,1
1776173293.047682,721,,,,1
1776173293.047682,722,,,,1
1776173293.047682,723,,,,1
1776173293.047682,724,,,,1
1776173293.047682,725,,,,1
1776173293.047682,726,,,,1
1776173293.047682,727,,,,1
1776173293.047682,728,,,,1
1776173293.047682,729,,,,1
1776173293.047682,730,,,,1
1776173293.047682,731,,,,1
1776173293.047682,732,,,,1
1776173293.047682,733,,,,1
1776173293.047682,734,,,,1
1776173293.047682,735,,,,1
1776173293.047682,736,,,,1
1776173293.047682,737,,,,1
1776173293.047682,738,,,,1
1776173293.047682,739,,,,1
1776173293.047682,740,,,,1
1776173293.559056,741,,,,1
1776173293.559056,742,,,,1
1776173293.559056,743,,,,1
1776173293.559056,744,,,,1
1776173293.559056,745,,,,1
1776173293.559056,746,,,,1
1776173293.559056,747,,,,1
1776173293.559056,748,,,,1
1776173293.559056,749,,,,1
1776173293.559056,750,,,,1
1776173293.559056,751,,,,1
1776173293.559056,752,,,,1
1776173293.559056,753,,,,1
1776173293.559056,754,,,,1
1776173293.559056,755,,,,1
1776173293.559056,756,,,,1
1776173293.559056,757,,,,1
1776173293.559056,758,,,,1
1776173293.559056,759,,,,1
1776173294.065675,760,,,,1
1776173294.065675,761,,,,1
1776173294.065675,762,,,,1
1776173294.065675,763,,,,1
1776173294.065675,764,,,,1
1776173294.065675,765,,,,1
1776173294.065675,766,,,,1
1776173294.065675,767,,,,1
1776173294.065675,768,,,,1
1776173294.065675,769,,,,1
1776173294.065675,770,,,,1
1776173294.065675,771,,,,1
1776173294.065675,772,,,,1
1776173294.065675,773,,,,1
1776173294.065675,774,,,,1
1776173294.065675,775,,,,1
1776173294.065675,776,,,,1
1776173294.065675,777,,,,1
1776173294.571792,778,,,,1
1776173294.571792,779,,,,1
1776173294.571792,780,,,,1
1776173294.571792,781,,,,1
1776173294.571792,782,,,,1
1776173294.571792,783,,,,1
1776173294.571792,784,,,,1
1776173294.571792,785,,,,1
1776173294.571792,786,,,,1
1776173294.571792,787,,,,1
1776173294.571792,788,,,,1
1776173294.571792,789,,,,1
1776173294.571792,790,,,,1
1776173294.571792,791,,,,1
1776173294.571792,792,,,,1
1776173294.571792,793,,,,1
1776173294.571792,794,,,,1
1776173294.571792,795,,,,1
1776173295.087395,796,,,,1
1776173295.087395,797,,,,1
1776173295.087395,798,,,,1
1776173295.087395,799,,,,1
1776173295.087395,800,,,,1
1776173295.087395,801,,,,1
1776173295.087395,802,,,,1
1776173295.087395,803,,,,1
1776173295.087395,804,,,,1
1776173295.087395,805,,,,1
1776173295.087395,806,,,,1
1776173295.087395,807,,,,1
1776173295.087395,808,,,,1
1776173295.087395,809,,,,1
1776173295.087395,810,,,,1
1776173295.087395,811,,,,1
1776173295.087395,812,,,,1
1776173295.087395,813,,,,1
1776173295.087395,814,,,,1
1776173295.087395,815,,,,1
1776173295.087395,816,,,,1
1776173295.595276,817,,,,1
1776173295.595276,818,,,,1
1776173295.595276,819,,,,1
1776173295.595276,820,,,,1
1776173295.595276,821,,,,1
1776173295.595276,822,,,,1
1776173295.595276,823,,,,1
1776173295.595276,824,,,,1
1776173295.595276,825,,,,1
1776173295.595276,826,,,,1
1776173295.595276,827,,,,1
1776173295.595276,828,,,,1
1776173295.595276,829,,,,1
1776173295.595276,830,,,,1
1776173295.595276,831,,,,1
1776173295.595276,832,,,,1
1776173295.595276,833,,,,1
1776173295.595276,834,,,,1
1776173295.595276,835,,,,1
1776173295.595276,836,,,,1
1776173296.102799,837,,,,1
1776173296.102799,838,,,,1
1776173296.102799,839,,,,1
1776173296.102799,840,,,,1
1776173296.102799,841,,,,1
1776173296.102799,842,,,,1
1776173296.102799,843,,,,1
1776173296.102799,844,,,,1
1776173296.102799,845,,,,1
1776173296.102799,846,,,,1
1776173296.102799,847,,,,1
1776173296.102799,848,,,,1
1776173296.102799,849,,,,1
1776173296.102799,850,,,,1
1776173296.102799,851,,,,1
1776173296.102799,852,,,,1
1776173296.102799,853,,,,1
1776173296.102799,854,,,,1
1776173296.102799,855,,,,1
1776173296.604374,856,,,,1
1776173296.604374,857,,,,1
1776173296.604374,858,,,,1
1776173296.604374,859,,,,1
1776173296.604374,860,,,,1
1776173296.604374,861,,,,1
1776173296.604374,862,,,,1
1776173296.604374,863,,,,1
1776173296.604374,864,,,,1
1776173296.604374,865,,,,1
1776173296.604374,866,,,,1
1776173296.604374,867,,,,1
1776173296.604374,868,,,,1
1776173296.604374,869,,,,1
1776173296.604374,870,,,,1
1776173296.604374,871,,,,1
1776173296.604374,872,,,,1
1776173296.604374,873,,,,1
1776173297.105374,874,,,,1
1776173297.105374,875,,,,1
1776173297.105374,876,,,,1
1776173297.105374,877,,,,1
1776173297.105374,878,,,,1
1776173297.105374,879,,,,1
1776173297.105374,880,,,,1
1776173297.105374,881,,,,1
1776173297.105374,882,,,,1
1776173297.105374,883,,,,1
1776173297.105374,884,,,,1
1776173297.105374,885,,,,1
1776173297.105374,886,,,,1
1776173297.105374,887,,,,1
1776173297.105374,888,,,,1
1776173297.105374,889,,,,1
1776173297.105374,890,,,,1
1776173297.105374,891,,,,1
1776173297.105374,892,,,,1
1776173297.105374,893,,,,1
1776173297.610296,894,,,,1
1776173297.610296,895,,,,1
1776173297.610296,896,,,,1
1776173297.610296,897,,,,1
1776173297.610296,898,,,,1
1776173297.610296,899,,,,1
1776173297.610296,900,,,,1
1776173297.610296,901,,,,1
1776173297.610296,902,,,,1
1776173297.610296,903,,,,1
1776173297.610296,904,,,,1
1776173297.610296,905,,,,1
1776173297.610296,906,,,,1
1776173297.610296,907,,,,1
1776173297.610296,908,,,,1
1776173297.610296,909,,,,1
1776173297.610296,910,,,,1
1776173297.610296,911,,,,1
1776173298.111920,912,,,,1
1776173298.111920,913,,,,1
1776173298.111920,914,,,,1
1776173298.111920,915,,,,1
1776173298.111920,916,,,,1
1776173298.111920,917,,,,1
1776173298.111920,918,,,,1
1776173298.111920,919,,,,1
1776173298.111920,920,,,,1
1776173298.111920,921,,,,1
1776173298.111920,922,,,,1
1776173298.111920,923,,,,1
1776173298.111920,924,,,,1
1776173298.111920,925,,,,1
1776173298.111920,926,,,,1
1776173298.111920,927,,,,1
1776173298.111920,928,,,,1
1776173298.111920,929,,,,1
1776173298.111920,930,,,,1
1776173298.111920,931,,,,1
1776173298.616256,932,,,,1
1776173298.616256,933,,,,1
1776173298.616256,934,,,,1
1776173298.616256,935,,,,1
1776173298.616256,936,,,,1
1776173298.616256,937,,,,1
1776173298.616256,938,,,,1
1776173298.616256,939,,,,1
1776173298.616256,940,,,,1
1776173298.616256,941,,,,1
1776173298.616256,942,,,,1
1776173298.616256,943,,,,1
1776173298.616256,944,,,,1
1776173298.616256,945,,,,1
1776173298.616256,946,,,,1
1776173298.616256,947,,,,1
1776173298.616256,948,,,,1
1776173298.616256,949,,,,1
1776173298.616256,950,,,,1
1776173298.616256,951,,,,1
1776173298.616256,952,,,,1
1776173299.122775,953,,,,1
1776173299.122775,954,,,,1
1776173299.122775,955,,,,1
1776173299.122775,956,,,,1
1776173299.122775,957,,,,1
1776173299.122775,958,,,,1
1776173299.122775,959,,,,1
1776173299.122775,960,,,,1
1776173299.122775,961,,,,1
1776173299.122775,962,,,,1
1776173299.122775,963,,,,1
1776173299.122775,964,,,,1
1776173299.122775,965,,,,1
1776173299.122775,966,,,,1
1776173299.122775,967,,,,1
1776173299.122775,968,,,,1
1776173299.122775,969,,,,1
1776173299.122775,970,,,,1
1776173299.122775,971,,,,1
1776173299.122775,972,,,,1
1776173299.629281,973,,,,1
1776173299.629281,974,,,,1
1776173299.629281,975,,,,1
1776173299.629281,976,,,,1
1776173299.629281,977,,,,1
1776173299.629281,978,,,,1
1776173299.629281,979,,,,1
1776173299.629281,980,,,,1
1776173299.629281,981,,,,1
1776173299.629281,982,,,,1
1776173299.629281,983,,,,1
1776173299.629281,984,,,,1
1776173299.629281,985,,,,1
1776173299.629281,986,,,,1
1776173299.629281,987,,,,1
1776173299.629281,988,,,,1
1776173299.629281,989,,,,1
1776173299.629281,990,,,,1
1776173299.629281,991,,,,1
1776173299.629281,992,,,,1
1776173300.142401,993,,,,1
1776173300.142401,994,,,,1
1776173300.142401,995,,,,1
1776173300.142401,996,,,,1
1776173300.142401,997,,,,1
1776173300.142401,998,,,,1
1776173300.142401,999,,,,1
1776173300.142401,1000,,,,1
1776173300.142401,1001,,,,1
1776173300.142401,1002,,,,1
1776173300.142401,1003,,,,1
1776173300.142401,1004,,,,1
1776173300.142401,1005,,,,1
1776173300.142401,1006,,,,1
1776173300.142401,1007,,,,1
1776173300.142401,1008,,,,1
1776173300.142401,1009,,,,1
1776173300.142401,1010,,,,1
1776173300.142401,1011,,,,1
1776173300.142401,1012,,,,1
1776173300.652618,1013,,,,1
1776173300.652618,1014,,,,1
1776173300.652618,1015,,,,1
1776173300.652618,1016,,,,1
1776173300.652618,1017,,,,1
1776173300.652618,1018,,,,1
1776173300.652618,1019,,,,1
1776173300.652618,1020,,,,1
1776173300.652618,1021,,,,1
1776173300.652618,1022,,,,1
1776173300.652618,1023,,,,1
1776173300.652618,1024,,,,1
1776173300.652618,1025,,,,1
1776173300.652618,1026,,,,1
1776173300.652618,1027,,,,1
1776173300.652618,1028,,,,1
1776173300.652618,1029,,,,1
1776173300.652618,1030,,,,1
1776173300.652618,1031,,,,1
1776173300.652618,1032,,,,1
1776173300.652618,1033,,,,1
1776173301.155660,1034,,,,1
1776173301.155660,1035,,,,1
1776173301.155660,1036,,,,1
1776173301.155660,1037,,,,1
1776173301.155660,1038,,,,1
1776173301.155660,1039,,,,1
1776173301.155660,1040,,,,1
1776173301.155660,1041,,,,1
1776173301.155660,1042,,,,1
1776173301.155660,1043,,,,1
1776173301.155660,1044,,,,1
1776173301.155660,1045,,,,1
1776173301.155660,1046,,,,1
1776173301.155660,1047,,,,1
1776173301.155660,1048,,,,1
1776173301.155660,1049,,,,1
1776173301.155660,1050,,,,1
1776173301.155660,1051,,,,1
1776173301.155660,1052,,,,1
1776173301.155660,1053,,,,1
1776173301.155660,1054,,,,1
1776173301.661984,1055,,,,1
1776173301.661984,1056,,,,1
1776173301.661984,1057,,,,1
1776173301.661984,1058,,,,1
1776173301.661984,1059,,,,1
1776173301.661984,1060,,,,1
1776173301.661984,1061,,,,1
1776173301.661984,1062,,,,1
1776173301.661984,1063,,,,1
1776173301.661984,1064,,,,1
1776173301.661984,1065,,,,1
1776173301.661984,1066,,,,1
1776173301.661984,1067,,,,1
1776173301.661984,1068,,,,1
1776173301.661984,1069,,,,1
1776173301.661984,1070,,,,1
1776173301.661984,1071,,,,1
1776173301.661984,1072,,,,1
1776173301.661984,1073,,,,1
1776173301.661984,1074,,,,1
1776173301.661984,1075,,,,1
1776173302.168106,1076,,,,1
1776173302.168106,1077,,,,1
1776173302.168106,1078,,,,1
1776173302.168106,1079,,,,1
1776173302.168106,1080,,,,1
1776173302.168106,1081,,,,1
1776173302.168106,1082,,,,1
1776173302.168106,1083,,,,1
1776173302.168106,1084,,,,1
1776173302.168106,1085,,,,1
1776173302.168106,1086,,,,1
1776173302.168106,1087,,,,1
1776173302.168106,1088,,,,1
1776173302.168106,1089,,,,1
1776173302.168106,1090,,,,1
1776173302.168106,1091,,,,1
1776173302.168106,1092,,,,1
1776173302.168106,1093,,,,1
1776173302.168106,1094,,,,1
1776173302.168106,1095,,,,1
1776173302.674716,1096,,,,1
1776173302.674716,1097,,,,1
1776173302.674716,1098,,,,1
1776173302.674716,1099,,,,1
1776173302.674716,1100,,,,1
1776173302.674716,1101,,,,1
1776173302.674716,1102,,,,1
1776173302.674716,1103,,,,1
1776173302.674716,1104,,,,1
1776173302.674716,1105,,,,1
1776173302.674716,1106,,,,1
1776173302.674716,1107,,,,1
1776173302.674716,1108,,,,1
1776173302.674716,1109,,,,1
1776173302.674716,1110,,,,1
1776173302.674716,1111,,,,1
1776173302.674716,1112,,,,1
1776173302.674716,1113,,,,1
1776173302.674716,1114,,,,1
1776173302.674716,1115,,,,1
1776173302.674716,1116,,,,1
1776173303.180991,1117,,,,1
1776173303.180991,1118,,,,1
1776173303.180991,1119,,,,1
1776173303.180991,1120,,,,1
1776173303.180991,1121,,,,1
1776173303.180991,1122,,,,1
1776173303.180991,1123,,,,1
1776173303.180991,1124,,,,1
1776173303.180991,1125,,,,1
1776173303.180991,1126,,,,1
1776173303.180991,1127,,,,1
1776173303.180991,1128,,,,1
1776173303.180991,1129,,,,1
1776173303.180991,1130,,,,1
1776173303.180991,1131,,,,1
1776173303.180991,1132,,,,1
1776173303.180991,1133,,,,1
1776173303.180991,1134,,,,1
1776173303.180991,1135,,,,1
1776173303.180991,1136,,,,1
1776173303.180991,1137,,,,1
1776173303.685208,1138,,,,1
1776173303.685208,1139,,,,1
1776173303.685208,1140,,,,1
1776173303.685208,1141,,,,1
1776173303.685208,1142,,,,1
1776173303.685208,1143,,,,1
1776173303.685208,1144,,,,1
1776173303.685208,1145,,,,1
1776173303.685208,1146,,,,1
1776173303.685208,1147,,,,1
1776173303.685208,1148,,,,1
1776173303.685208,1149,,,,1
1776173303.685208,1150,,,,1
1776173303.685208,1151,,,,1
1776173303.685208,1152,,,,1
1776173303.685208,1153,,,,1
1776173303.685208,1154,,,,1
1776173303.685208,1155,,,,1
1776173303.685208,1156,,,,1
1776173303.685208,1157,,,,1
1776173303.685208,1158,,,,1
